"_id","description","name","photo","price","tags","appId","cobjectId","actions_ratings_avg","actions_ratings_total","actions_votes_total","dt_update","dt_create","__v"
"55f2c7f39370b34c17432c07","","Chicken Burger","","39","","tinnker","product","0","0","0","Sun Aug 30 2015 07:54:00 GMT-0700 (PDT)","Sun Aug 30 2015 07:54:00 GMT-0700 (PDT)","0"
"55f2c7f39370b34c17432c06","","Rice Taj Mahal","","56","","tinnker","product","0","0","0","Sun Aug 30 2015 07:54:00 GMT-0700 (PDT)","Sun Aug 30 2015 07:54:00 GMT-0700 (PDT)","0"
"55f2c7f29370b34c17432c05","","Ratna Rice(Boiled)","","28/kg","","tinnker","product","0","0","0","Sun Aug 30 2015 07:54:00 GMT-0700 (PDT)","Sun Aug 30 2015 07:54:00 GMT-0700 (PDT)","0"
"55f2c7f29370b34c17432c04","","Dudeshwar Rice(Boiled)","","42/kg","","tinnker","product","0","0","0","Sun Aug 30 2015 07:54:00 GMT-0700 (PDT)","Sun Aug 30 2015 07:54:00 GMT-0700 (PDT)","0"
"55f2c8069370b34c17432d01","","Savlon Liquid ","","56/400 gms","","tinnker","product","0","0","0","Sun Aug 30 2015 07:54:00 GMT-0700 (PDT)","Sun Aug 30 2015 07:54:00 GMT-0700 (PDT)","0"
"55f2c8069370b34c17432d00","","Dettol Liquid","","45","","tinnker","product","0","0","0","Sun Aug 30 2015 07:54:00 GMT-0700 (PDT)","Sun Aug 30 2015 07:54:00 GMT-0700 (PDT)","0"
"55f2c8069370b34c17432cff","","Moksh ","","10,15,45","","tinnker","product","0","0","0","Sun Aug 30 2015 07:54:00 GMT-0700 (PDT)","Sun Aug 30 2015 07:54:00 GMT-0700 (PDT)","0"
"55f2c8069370b34c17432cfe","","Cycle ","","10,15,45","","tinnker","product","0","0","0","Sun Aug 30 2015 07:54:00 GMT-0700 (PDT)","Sun Aug 30 2015 07:54:00 GMT-0700 (PDT)","0"
"55f2c8069370b34c17432cfd","","Darshan","","10,15,45","","tinnker","product","0","0","0","Sun Aug 30 2015 07:54:00 GMT-0700 (PDT)","Sun Aug 30 2015 07:54:00 GMT-0700 (PDT)","0"
"55f2c8069370b34c17432cfc","","Mangal Deep ","","80/40 gms","","tinnker","product","0","0","0","Sun Aug 30 2015 07:54:00 GMT-0700 (PDT)","Sun Aug 30 2015 07:54:00 GMT-0700 (PDT)","0"
"55f2c8069370b34c17432cfb","","Chilli flakes","","96/7 gms","","tinnker","product","0","0","0","Sun Aug 30 2015 07:54:00 GMT-0700 (PDT)","Sun Aug 30 2015 07:54:00 GMT-0700 (PDT)","0"
"55f2c8069370b34c17432cfa","","Origano","","10/pouch,64/300 gms","","tinnker","product","0","0","0","Sun Aug 30 2015 07:54:00 GMT-0700 (PDT)","Sun Aug 30 2015 07:54:00 GMT-0700 (PDT)","0"
"55f2c8069370b34c17432cf9","","Mango","","10/pouch,64/300 gms","","tinnker","product","0","0","0","Sun Aug 30 2015 07:54:00 GMT-0700 (PDT)","Sun Aug 30 2015 07:54:00 GMT-0700 (PDT)","0"
"55f2c8069370b34c17432cf8","","Mixed","","5,16/pack","","tinnker","product","0","0","0","Sun Aug 30 2015 07:54:00 GMT-0700 (PDT)","Sun Aug 30 2015 07:54:00 GMT-0700 (PDT)","0"
"55f2c8069370b34c17432cf7","","Chow","","20/roasted,15/plain","","tinnker","product","0","0","0","Sun Aug 30 2015 07:54:00 GMT-0700 (PDT)","Sun Aug 30 2015 07:54:00 GMT-0700 (PDT)","0"
"55f2c8069370b34c17432cf6","","Roasted Sevai","","14/100 gms","","tinnker","product","0","0","0","Sun Aug 30 2015 07:54:00 GMT-0700 (PDT)","Sun Aug 30 2015 07:54:00 GMT-0700 (PDT)","0"
"55f2c8059370b34c17432cf5","","Dhoka Mix","","15,35/pack","","tinnker","product","0","0","0","Sun Aug 30 2015 07:54:00 GMT-0700 (PDT)","Sun Aug 30 2015 07:54:00 GMT-0700 (PDT)","0"
"55f2c8059370b34c17432cf4","","Poha mix","","15,35/ pack","","tinnker","product","0","0","0","Sun Aug 30 2015 07:54:00 GMT-0700 (PDT)","Sun Aug 30 2015 07:54:00 GMT-0700 (PDT)","0"
"55f2c8059370b34c17432cf3","","Upma Mix","","38/100 gms","","tinnker","product","0","0","0","Sun Aug 30 2015 07:54:00 GMT-0700 (PDT)","Sun Aug 30 2015 07:54:00 GMT-0700 (PDT)","0"
"55f2c8059370b34c17432cf2","","Puliogare Powder","","95/250 ml","","tinnker","product","0","0","0","Sun Aug 30 2015 07:54:00 GMT-0700 (PDT)","Sun Aug 30 2015 07:54:00 GMT-0700 (PDT)","0"
"55f2c8059370b34c17432cf1","","Dabur","","154/250 ml","","tinnker","product","0","0","0","Sun Aug 30 2015 07:54:00 GMT-0700 (PDT)","Sun Aug 30 2015 07:54:00 GMT-0700 (PDT)","0"
"55f2c8059370b34c17432cf0","","Lion","","495/1 ltr","","tinnker","product","0","0","0","Sun Aug 30 2015 07:54:00 GMT-0700 (PDT)","Sun Aug 30 2015 07:54:00 GMT-0700 (PDT)","0"
"55f2c8059370b34c17432cef","","Anik Ghee","","375/1 ltr","","tinnker","product","0","0","0","Sun Aug 30 2015 07:54:00 GMT-0700 (PDT)","Sun Aug 30 2015 07:54:00 GMT-0700 (PDT)","0"
"55f2c8059370b34c17432cee","","Nestle everyday ghee","","52/100 gms,125/250 gms,245/500 gms","","tinnker","product","0","0","0","Sun Aug 30 2015 07:54:00 GMT-0700 (PDT)","Sun Aug 30 2015 07:54:00 GMT-0700 (PDT)","0"
"55f2c8059370b34c17432ced","","Jharna Ghee","","110/400 gms","","tinnker","product","0","0","0","Sun Aug 30 2015 07:54:00 GMT-0700 (PDT)","Sun Aug 30 2015 07:54:00 GMT-0700 (PDT)","0"
"55f2c8059370b34c17432cec","","Nestle Milkmaid","","79/250 gms","","tinnker","product","0","0","0","Sun Aug 30 2015 07:54:00 GMT-0700 (PDT)","Sun Aug 30 2015 07:54:00 GMT-0700 (PDT)","0"
"55f2c8059370b34c17432ceb","","Mayonnaise Egg less","","79/250 gms","","tinnker","product","0","0","0","Sun Aug 30 2015 07:54:00 GMT-0700 (PDT)","Sun Aug 30 2015 07:54:00 GMT-0700 (PDT)","0"
"55f2c8049370b34c17432cea","","Mayonnaise Egg","","56/400 gms","","tinnker","product","0","0","0","Sun Aug 30 2015 07:54:00 GMT-0700 (PDT)","Sun Aug 30 2015 07:54:00 GMT-0700 (PDT)","0"
"55f2c8049370b34c17432ce9","","Weikfields sweet chilli sauce","","40/200","","tinnker","product","0","0","0","Sun Aug 30 2015 07:54:00 GMT-0700 (PDT)","Sun Aug 30 2015 07:54:00 GMT-0700 (PDT)","0"
"55f2c8049370b34c17432ce8","","Weikfields Garlic Chilli Sause","","30/200 gms","","tinnker","product","0","0","0","Sun Aug 30 2015 07:54:00 GMT-0700 (PDT)","Sun Aug 30 2015 07:54:00 GMT-0700 (PDT)","0"
"55f2c8049370b34c17432ce7","","Soya Sauce","","30/200 gm","","tinnker","product","0","0","0","Sun Aug 30 2015 07:54:00 GMT-0700 (PDT)","Sun Aug 30 2015 07:54:00 GMT-0700 (PDT)","0"
"55f2c8049370b34c17432ce6","","Chilli Sauce","","51/200 gms,140/1 kg","","tinnker","product","0","0","0","Sun Aug 30 2015 07:54:00 GMT-0700 (PDT)","Sun Aug 30 2015 07:54:00 GMT-0700 (PDT)","0"
"55f2c8049370b34c17432ce5","","Maggi Hot and sweet","","51/200 gms,137/1 kg","","tinnker","product","0","0","0","Sun Aug 30 2015 07:54:00 GMT-0700 (PDT)","Sun Aug 30 2015 07:54:00 GMT-0700 (PDT)","0"
"55f2c8049370b34c17432ce4","","Maggi Ketchup","","25/100 gms","","tinnker","product","0","0","0","Sun Aug 30 2015 07:54:00 GMT-0700 (PDT)","Sun Aug 30 2015 07:54:00 GMT-0700 (PDT)","0"
"55f2c8049370b34c17432ce3","","Calcium Lactate","","25/100 gms","","tinnker","product","0","0","0","Sun Aug 30 2015 07:54:00 GMT-0700 (PDT)","Sun Aug 30 2015 07:54:00 GMT-0700 (PDT)","0"
"55f2c8049370b34c17432ce2","","Sensodyne","","100/100 gms ","","tinnker","product","0","0","0","Sun Aug 30 2015 07:54:00 GMT-0700 (PDT)","Sun Aug 30 2015 07:54:00 GMT-0700 (PDT)","0"
"55f2c8049370b34c17432ce1","","Dabur Red","","18/50 gms,47/100 gms","","tinnker","product","0","0","0","Sun Aug 30 2015 07:54:00 GMT-0700 (PDT)","Sun Aug 30 2015 07:54:00 GMT-0700 (PDT)","0"
"55f2c8049370b34c17432ce0","","Pepsodent Germicheck","","84/200 gms","","tinnker","product","0","0","0","Sun Aug 30 2015 07:54:00 GMT-0700 (PDT)","Sun Aug 30 2015 07:54:00 GMT-0700 (PDT)","0"
"55f2c8049370b34c17432cdf","","Pepsodent G","","94/140 gms","","tinnker","product","0","0","0","Sun Aug 30 2015 07:54:00 GMT-0700 (PDT)","Sun Aug 30 2015 07:54:00 GMT-0700 (PDT)","0"
"55f2c8049370b34c17432cde","","Max Fresh","","45/100 gms,82/150 gms","","tinnker","product","0","0","0","Sun Aug 30 2015 07:54:00 GMT-0700 (PDT)","Sun Aug 30 2015 07:54:00 GMT-0700 (PDT)","0"
"55f2c8039370b34c17432cdd","","Colgate salt","","45/100 gms,86/200 gms","","tinnker","product","0","0","0","Sun Aug 30 2015 07:54:00 GMT-0700 (PDT)","Sun Aug 30 2015 07:54:00 GMT-0700 (PDT)","0"
"55f2c8039370b34c17432cdc","","Colgate Total","","57/100 gms,100/150 gms","","tinnker","product","0","0","0","Sun Aug 30 2015 07:54:00 GMT-0700 (PDT)","Sun Aug 30 2015 07:54:00 GMT-0700 (PDT)","0"
"55f2c8039370b34c17432cdb","","Colgate Strong teeth","","17/50 gms,42/100 gms,","","tinnker","product","0","0","0","Sun Aug 30 2015 07:54:00 GMT-0700 (PDT)","Sun Aug 30 2015 07:54:00 GMT-0700 (PDT)","0"
"55f2c8039370b34c17432cda","","Uttam Coconut Oil","","34/100 ml,53/200 ml","","tinnker","product","0","0","0","Sun Aug 30 2015 07:54:00 GMT-0700 (PDT)","Sun Aug 30 2015 07:54:00 GMT-0700 (PDT)","0"
"55f2c8039370b34c17432cd9","","Parachute Jasmine","","34/100 ml,73/200 ml","","tinnker","product","0","0","0","Sun Aug 30 2015 07:54:00 GMT-0700 (PDT)","Sun Aug 30 2015 07:54:00 GMT-0700 (PDT)","0"
"55f2c8039370b34c17432cd8","","Nihar Naturals","","40/150,72/200","","tinnker","product","0","0","0","Sun Aug 30 2015 07:54:00 GMT-0700 (PDT)","Sun Aug 30 2015 07:54:00 GMT-0700 (PDT)","0"
"55f2c8039370b34c17432cd7","","Sunsilk yellow and black","","120/yellow,207/black","","tinnker","product","0","0","0","Sun Aug 30 2015 07:54:00 GMT-0700 (PDT)","Sun Aug 30 2015 07:54:00 GMT-0700 (PDT)","0"
"55f2c8039370b34c17432cd6","","Pantene(sachet&bottle)","","75/80 ml","","tinnker","product","0","0","0","Sun Aug 30 2015 07:54:00 GMT-0700 (PDT)","Sun Aug 30 2015 07:54:00 GMT-0700 (PDT)","0"
"55f2c8039370b34c17432cd5","","Head&shoulders(sachet&bottle)","","135/180 ml,60/80 ml","","tinnker","product","0","0","0","Sun Aug 30 2015 07:54:00 GMT-0700 (PDT)","Sun Aug 30 2015 07:54:00 GMT-0700 (PDT)","0"
"55f2c8039370b34c17432cd4","","Lifebuoy","","32/pack","","tinnker","product","0","0","0","Sun Aug 30 2015 07:54:00 GMT-0700 (PDT)","Sun Aug 30 2015 07:54:00 GMT-0700 (PDT)","0"
"55f2c8039370b34c17432cd3","","Dettol","","24,10/pack","","tinnker","product","0","0","0","Sun Aug 30 2015 07:54:00 GMT-0700 (PDT)","Sun Aug 30 2015 07:54:00 GMT-0700 (PDT)","0"
"55f2c8039370b34c17432cd2","","Local(White)","","40/pouch,69/dispensive","","tinnker","product","0","0","0","Sun Aug 30 2015 07:54:00 GMT-0700 (PDT)","Sun Aug 30 2015 07:54:00 GMT-0700 (PDT)","0"
"55f2c8039370b34c17432cd1","","Local(Black)","","38/pouch,69/ dispensive","","tinnker","product","0","0","0","Sun Aug 30 2015 07:54:00 GMT-0700 (PDT)","Sun Aug 30 2015 07:54:00 GMT-0700 (PDT)","0"
"55f2c8029370b34c17432cd0","","Bleaching Powder","","46/450 ml","","tinnker","product","0","0","0","Sun Aug 30 2015 07:54:00 GMT-0700 (PDT)","Sun Aug 30 2015 07:54:00 GMT-0700 (PDT)","0"
"55f2c8029370b34c17432ccf","","Harpic Red","","55/450 ml","","tinnker","product","0","0","0","Sun Aug 30 2015 07:54:00 GMT-0700 (PDT)","Sun Aug 30 2015 07:54:00 GMT-0700 (PDT)","0"
"55f2c8029370b34c17432cce","","Harpic","","35/200 gms","","tinnker","product","0","0","0","Sun Aug 30 2015 07:54:00 GMT-0700 (PDT)","Sun Aug 30 2015 07:54:00 GMT-0700 (PDT)","0"
"55f2c8029370b34c17432ccd","","Domex","","69/500 ml","","tinnker","product","0","0","0","Sun Aug 30 2015 07:54:00 GMT-0700 (PDT)","Sun Aug 30 2015 07:54:00 GMT-0700 (PDT)","0"
"55f2c8029370b34c17432ccc","","Lizol","","68/500 ml","","tinnker","product","0","0","0","Sun Aug 30 2015 07:54:00 GMT-0700 (PDT)","Sun Aug 30 2015 07:54:00 GMT-0700 (PDT)","0"
"55f2c8029370b34c17432ccb","","Bengal Chemicals ","","66/ .5 liter","","tinnker","product","0","0","0","Sun Aug 30 2015 07:54:00 GMT-0700 (PDT)","Sun Aug 30 2015 07:54:00 GMT-0700 (PDT)","0"
"55f2c8029370b34c17432cca","","Nimyle White","","69/.5 liter","","tinnker","product","0","0","0","Sun Aug 30 2015 07:54:00 GMT-0700 (PDT)","Sun Aug 30 2015 07:54:00 GMT-0700 (PDT)","0"
"55f2c8029370b34c17432cc9","","Nimyle Green","","60/liter","","tinnker","product","0","0","0","Sun Aug 30 2015 07:54:00 GMT-0700 (PDT)","Sun Aug 30 2015 07:54:00 GMT-0700 (PDT)","0"
"55f2c8029370b34c17432cc8","","Vanish","","77/liter","","tinnker","product","0","0","0","Sun Aug 30 2015 07:54:00 GMT-0700 (PDT)","Sun Aug 30 2015 07:54:00 GMT-0700 (PDT)","0"
"55f2c8029370b34c17432cc7","","Ala","","88/liter","","tinnker","product","0","0","0","Sun Aug 30 2015 07:54:00 GMT-0700 (PDT)","Sun Aug 30 2015 07:54:00 GMT-0700 (PDT)","0"
"55f2c8029370b34c17432cc6","","Wheel bar","","49/powder,75/liquid","","tinnker","product","0","0","0","Sun Aug 30 2015 07:54:00 GMT-0700 (PDT)","Sun Aug 30 2015 07:54:00 GMT-0700 (PDT)","0"
"55f2c8029370b34c17432cc5","","Tide bar","","52/500 ml","","tinnker","product","0","0","0","Sun Aug 30 2015 07:54:00 GMT-0700 (PDT)","Sun Aug 30 2015 07:54:00 GMT-0700 (PDT)","0"
"55f2c8029370b34c17432cc4","","Sunlight bar","","5/pack","","tinnker","product","0","0","0","Sun Aug 30 2015 07:54:00 GMT-0700 (PDT)","Sun Aug 30 2015 07:54:00 GMT-0700 (PDT)","0"
"55f2c8019370b34c17432cc3","","Rin bar","","10/pack,6/pack","","tinnker","product","0","0","0","Sun Aug 30 2015 07:54:00 GMT-0700 (PDT)","Sun Aug 30 2015 07:54:00 GMT-0700 (PDT)","0"
"55f2c8019370b34c17432cc2","","Surf Excel bar","","17/pack","","tinnker","product","0","0","0","Sun Aug 30 2015 07:54:00 GMT-0700 (PDT)","Sun Aug 30 2015 07:54:00 GMT-0700 (PDT)","0"
"55f2c8019370b34c17432cc1","","Vim Powder","","5/pack","","tinnker","product","0","0","0","Sun Aug 30 2015 07:54:00 GMT-0700 (PDT)","Sun Aug 30 2015 07:54:00 GMT-0700 (PDT)","0"
"55f2c8019370b34c17432cc0","","Vim Liquid(pouch, Bottle 500 gms)","","10/pack,29/pack,46/pack","","tinnker","product","0","0","0","Sun Aug 30 2015 07:54:00 GMT-0700 (PDT)","Sun Aug 30 2015 07:54:00 GMT-0700 (PDT)","0"
"55f2c8019370b34c17432cbf","","Pril(Bottle)","","25/kg","","tinnker","product","0","0","0","Sun Aug 30 2015 07:54:00 GMT-0700 (PDT)","Sun Aug 30 2015 07:54:00 GMT-0700 (PDT)","0"
"55f2c8019370b34c17432cbe","","Odopic","","53/ small,105/medium size","","tinnker","product","0","0","0","Sun Aug 30 2015 07:54:00 GMT-0700 (PDT)","Sun Aug 30 2015 07:54:00 GMT-0700 (PDT)","0"
"55f2c8019370b34c17432cbd","","Exo","","85/425 ml,50/small","","tinnker","product","0","0","0","Sun Aug 30 2015 07:54:00 GMT-0700 (PDT)","Sun Aug 30 2015 07:54:00 GMT-0700 (PDT)","0"
"55f2c8019370b34c17432cbc","","Vim Bar(Box,Smal,Medium & Large)","","43/500 gms","","tinnker","product","0","0","0","Sun Aug 30 2015 07:54:00 GMT-0700 (PDT)","Sun Aug 30 2015 07:54:00 GMT-0700 (PDT)","0"
"55f2c8019370b34c17432cbb","","Ariel(2/- pouch, 500gm, 1Kg)","","43/500 gms","","tinnker","product","0","0","0","Sun Aug 30 2015 07:54:00 GMT-0700 (PDT)","Sun Aug 30 2015 07:54:00 GMT-0700 (PDT)","0"
"55f2c8019370b34c17432cba","","Surf Excel Blue(500gms&1.5 kgs)","","5,10,24/pack","","tinnker","product","0","0","0","Sun Aug 30 2015 07:54:00 GMT-0700 (PDT)","Sun Aug 30 2015 07:54:00 GMT-0700 (PDT)","0"
"55f2c8019370b34c17432cb9","","Surf Excel Quickwash(500gm, 1Kg)","","94/500 gms,185/kg","","tinnker","product","0","0","0","Sun Aug 30 2015 07:54:00 GMT-0700 (PDT)","Sun Aug 30 2015 07:54:00 GMT-0700 (PDT)","0"
"55f2c8019370b34c17432cb8","","Wheel (10/-, 1Kg)","","68/500 gms,187/1.5 gms","","tinnker","product","0","0","0","Sun Aug 30 2015 07:54:00 GMT-0700 (PDT)","Sun Aug 30 2015 07:54:00 GMT-0700 (PDT)","0"
"55f2c8019370b34c17432cb7","","Sunlight(10/-, 500gm, 1Kg)","","94/500 gms,185/kg","","tinnker","product","0","0","0","Sun Aug 30 2015 07:54:00 GMT-0700 (PDT)","Sun Aug 30 2015 07:54:00 GMT-0700 (PDT)","0"
"55f2c8009370b34c17432cb6","","Tide Naturals (10/-, 500gm, 1Kg)","","45/kg,10/pack","","tinnker","product","0","0","0","Sun Aug 30 2015 07:54:00 GMT-0700 (PDT)","Sun Aug 30 2015 07:54:00 GMT-0700 (PDT)","0"
"55f2c8009370b34c17432cb5","","Tide Plus  (10/-, 500gm, 1Kg)","","86/kg,43/500 gms,10/pack","","tinnker","product","0","0","0","Sun Aug 30 2015 07:54:00 GMT-0700 (PDT)","Sun Aug 30 2015 07:54:00 GMT-0700 (PDT)","0"
"55f2c8009370b34c17432cb4","","Santoor","","64/1 kg,32/500 gms,10/pack","","tinnker","product","0","0","0","Sun Aug 30 2015 07:54:00 GMT-0700 (PDT)","Sun Aug 30 2015 07:54:00 GMT-0700 (PDT)","0"
"55f2c8009370b34c17432cb3","","Mysore sandal","","192/2 kg tide plus, 96/1 kg,48,500 gms,10/ pack,1/pack","","tinnker","product","0","0","0","Sun Aug 30 2015 07:54:00 GMT-0700 (PDT)","Sun Aug 30 2015 07:54:00 GMT-0700 (PDT)","0"
"55f2c8009370b34c17432cb2","","Vivel green tea, alo vera","","10/pack","","tinnker","product","0","0","0","Sun Aug 30 2015 07:54:00 GMT-0700 (PDT)","Sun Aug 30 2015 07:54:00 GMT-0700 (PDT)","0"
"55f2c8009370b34c17432cb1","","Pears","","32/pack","","tinnker","product","0","0","0","Sun Aug 30 2015 07:54:00 GMT-0700 (PDT)","Sun Aug 30 2015 07:54:00 GMT-0700 (PDT)","0"
"55f2c8009370b34c17432cb0","","Margo neem","","24,10/pack","","tinnker","product","0","0","0","Sun Aug 30 2015 07:54:00 GMT-0700 (PDT)","Sun Aug 30 2015 07:54:00 GMT-0700 (PDT)","0"
"55f2c8009370b34c17432caf","","Cinthol deo,confidence,cool","","30/pack,10/pack","","tinnker","product","0","0","0","Sun Aug 30 2015 07:54:00 GMT-0700 (PDT)","Sun Aug 30 2015 07:54:00 GMT-0700 (PDT)","0"
"55f2c8009370b34c17432cae","","Life bouy lemon,neem,total","","10/pack,20/pack","","tinnker","product","0","0","0","Sun Aug 30 2015 07:54:00 GMT-0700 (PDT)","Sun Aug 30 2015 07:54:00 GMT-0700 (PDT)","0"
"55f2c8009370b34c17432cad","","Dettol regular,cool,skin care(pink)","","5/pack,25/pack","","tinnker","product","0","0","0","Sun Aug 30 2015 07:54:00 GMT-0700 (PDT)","Sun Aug 30 2015 07:54:00 GMT-0700 (PDT)","0"
"55f2c8009370b34c17432cac","","Lux pink, green, white,sandle","","20/pack","","tinnker","product","0","0","0","Sun Aug 30 2015 07:54:00 GMT-0700 (PDT)","Sun Aug 30 2015 07:54:00 GMT-0700 (PDT)","0"
"55f2c8009370b34c17432cab","","Fiama Di Wills brazilian orange,patchouli","","10/pack,","","tinnker","product","0","0","0","Sun Aug 30 2015 07:54:00 GMT-0700 (PDT)","Sun Aug 30 2015 07:54:00 GMT-0700 (PDT)","0"
"55f2c8009370b34c17432caa","","Park Avenue","","10/pack,","","tinnker","product","0","0","0","Sun Aug 30 2015 07:54:00 GMT-0700 (PDT)","Sun Aug 30 2015 07:54:00 GMT-0700 (PDT)","0"
"55f2c8009370b34c17432ca9","","Dove (Small & Big)","","22/regular,25/ sisami","","tinnker","product","0","0","0","Sun Aug 30 2015 07:54:00 GMT-0700 (PDT)","Sun Aug 30 2015 07:54:00 GMT-0700 (PDT)","0"
"55f2c7ff9370b34c17432ca8","","Goodricke Khas","","25/top,25 top gold, 25/top herb","","tinnker","product","0","0","0","Sun Aug 30 2015 07:54:00 GMT-0700 (PDT)","Sun Aug 30 2015 07:54:00 GMT-0700 (PDT)","0"
"55f2c7ff9370b34c17432ca7","","Green Tea barnebeg","","30/masala,25/plain","","tinnker","product","0","0","0","Sun Aug 30 2015 07:54:00 GMT-0700 (PDT)","Sun Aug 30 2015 07:54:00 GMT-0700 (PDT)","0"
"55f2c7ff9370b34c17432ca6","","Orange pekoe","","26/300 gms,10/100 gms","","tinnker","product","0","0","0","Sun Aug 30 2015 07:54:00 GMT-0700 (PDT)","Sun Aug 30 2015 07:54:00 GMT-0700 (PDT)","0"
"55f2c7ff9370b34c17432ca5","","Goodricke tea","","10/satches,95/200 gms","","tinnker","product","0","0","0","Sun Aug 30 2015 07:54:00 GMT-0700 (PDT)","Sun Aug 30 2015 07:54:00 GMT-0700 (PDT)","0"
"55f2c7ff9370b34c17432ca4","","tata agni","","73/200 gms,178/500 gms,10/ satche","","tinnker","product","0","0","0","Sun Aug 30 2015 07:54:00 GMT-0700 (PDT)","Sun Aug 30 2015 07:54:00 GMT-0700 (PDT)","0"
"55f2c7ff9370b34c17432ca3","","tata premium","","90/50 gms","","tinnker","product","0","0","0","Sun Aug 30 2015 07:54:00 GMT-0700 (PDT)","Sun Aug 30 2015 07:54:00 GMT-0700 (PDT)","0"
"55f2c7ff9370b34c17432ca2","","Tata gold","","10/8 gms,108/50 gms","","tinnker","product","0","0","0","Sun Aug 30 2015 07:54:00 GMT-0700 (PDT)","Sun Aug 30 2015 07:54:00 GMT-0700 (PDT)","0"
"55f2c7ff9370b34c17432ca1","","Orange pekoe","","48/200 gms, 112/500 gms","","tinnker","product","0","0","0","Sun Aug 30 2015 07:54:00 GMT-0700 (PDT)","Sun Aug 30 2015 07:54:00 GMT-0700 (PDT)","0"
"55f2c7ff9370b34c17432ca0","","Nestle Nestea","","48/200 gms, 112/500 gms","","tinnker","product","0","0","0","Sun Aug 30 2015 07:54:00 GMT-0700 (PDT)","Sun Aug 30 2015 07:54:00 GMT-0700 (PDT)","0"
"55f2c7ff9370b34c17432c9f","","Kellogs(250,400 &500gms)","","48/200 gms, 112/500 gms","","tinnker","product","0","0","0","Sun Aug 30 2015 07:54:00 GMT-0700 (PDT)","Sun Aug 30 2015 07:54:00 GMT-0700 (PDT)","0"
"55f2c7ff9370b34c17432c9e","","Mohan(500&200gms)","","10,30/pack","","tinnker","product","0","0","0","Sun Aug 30 2015 07:54:00 GMT-0700 (PDT)","Sun Aug 30 2015 07:54:00 GMT-0700 (PDT)","0"
"55f2c7ff9370b34c17432c9d","","Tiger Crunch","","18/pack","","tinnker","product","0","0","0","Sun Aug 30 2015 07:54:00 GMT-0700 (PDT)","Sun Aug 30 2015 07:54:00 GMT-0700 (PDT)","0"
"55f2c7ff9370b34c17432c9c","","Horlicks(Entire Range)","","10/pack,26/pack","","tinnker","product","0","0","0","Sun Aug 30 2015 07:54:00 GMT-0700 (PDT)","Sun Aug 30 2015 07:54:00 GMT-0700 (PDT)","0"
"55f2c7fe9370b34c17432c9b","","Parle hide&seek","","10/pack","","tinnker","product","0","0","0","Sun Aug 30 2015 07:54:00 GMT-0700 (PDT)","Sun Aug 30 2015 07:54:00 GMT-0700 (PDT)","0"
"55f2c7fe9370b34c17432c9a","","Cadbury Oreo","","20/pack","","tinnker","product","0","0","0","Sun Aug 30 2015 07:54:00 GMT-0700 (PDT)","Sun Aug 30 2015 07:54:00 GMT-0700 (PDT)","0"
"55f2c7fe9370b34c17432c99","","Brittania time pass","","27/pack","","tinnker","product","0","0","0","Sun Aug 30 2015 07:54:00 GMT-0700 (PDT)","Sun Aug 30 2015 07:54:00 GMT-0700 (PDT)","0"
"55f2c7fe9370b34c17432c98","","Brittania Bourbon","","22/pack","","tinnker","product","0","0","0","Sun Aug 30 2015 07:54:00 GMT-0700 (PDT)","Sun Aug 30 2015 07:54:00 GMT-0700 (PDT)","0"
"55f2c7fe9370b34c17432c97","","Brittania 50-50","","30/pack both","","tinnker","product","0","0","0","Sun Aug 30 2015 07:54:00 GMT-0700 (PDT)","Sun Aug 30 2015 07:54:00 GMT-0700 (PDT)","0"
"55f2c7fe9370b34c17432c96","","Brittania milk Bikis","","50/pack","","tinnker","product","0","0","0","Sun Aug 30 2015 07:54:00 GMT-0700 (PDT)","Sun Aug 30 2015 07:54:00 GMT-0700 (PDT)","0"
"55f2c7fe9370b34c17432c95","","Brittania rusk","","30/family pack","","tinnker","product","0","0","0","Sun Aug 30 2015 07:54:00 GMT-0700 (PDT)","Sun Aug 30 2015 07:54:00 GMT-0700 (PDT)","0"
"55f2c7fe9370b34c17432c94","","Brittania Nice","","26/pack","","tinnker","product","0","0","0","Sun Aug 30 2015 07:54:00 GMT-0700 (PDT)","Sun Aug 30 2015 07:54:00 GMT-0700 (PDT)","0"
"55f2c7fe9370b34c17432c93","","Brittania goodday,butter and kaju","","30/pack","","tinnker","product","0","0","0","Sun Aug 30 2015 07:54:00 GMT-0700 (PDT)","Sun Aug 30 2015 07:54:00 GMT-0700 (PDT)","0"
"55f2c7fe9370b34c17432c92","","Brittania digestive","","25/all packs,5/pack","","tinnker","product","0","0","0","Sun Aug 30 2015 07:54:00 GMT-0700 (PDT)","Sun Aug 30 2015 07:54:00 GMT-0700 (PDT)","0"
"55f2c7fd9370b34c17432c91","","Brittania marie cream cracker","","20/pack","","tinnker","product","0","0","0","Sun Aug 30 2015 07:54:00 GMT-0700 (PDT)","Sun Aug 30 2015 07:54:00 GMT-0700 (PDT)","0"
"55f2c7fd9370b34c17432c90","","Bittania marie","","30/pack","","tinnker","product","0","0","0","Sun Aug 30 2015 07:54:00 GMT-0700 (PDT)","Sun Aug 30 2015 07:54:00 GMT-0700 (PDT)","0"
"55f2c7fd9370b34c17432c8f","","Brittania thin arrowroot","","30/pack","","tinnker","product","0","0","0","Sun Aug 30 2015 07:54:00 GMT-0700 (PDT)","Sun Aug 30 2015 07:54:00 GMT-0700 (PDT)","0"
"55f2c7fd9370b34c17432c8e","","Biskfarm Royal cream,cottage cream,orange,cheeze cream,pineapple","","30/pack","","tinnker","product","0","0","0","Sun Aug 30 2015 07:54:00 GMT-0700 (PDT)","Sun Aug 30 2015 07:54:00 GMT-0700 (PDT)","0"
"55f2c7fd9370b34c17432c8d","","Biskfarm Spiecy","","40/pack","","tinnker","product","0","0","0","Sun Aug 30 2015 07:54:00 GMT-0700 (PDT)","Sun Aug 30 2015 07:54:00 GMT-0700 (PDT)","0"
"55f2c7fd9370b34c17432c8c","","Biskfarm Cruncheez","","30/pack","","tinnker","product","0","0","0","Sun Aug 30 2015 07:54:00 GMT-0700 (PDT)","Sun Aug 30 2015 07:54:00 GMT-0700 (PDT)","0"
"55f2c7fd9370b34c17432c8b","","Biskfarm Mast jeera","","30/pack,10/pack","","tinnker","product","0","0","0","Sun Aug 30 2015 07:54:00 GMT-0700 (PDT)","Sun Aug 30 2015 07:54:00 GMT-0700 (PDT)","0"
"55f2c7fd9370b34c17432c8a","","Biskfarm Just ginger","","30/pack,10/pack","","tinnker","product","0","0","0","Sun Aug 30 2015 07:54:00 GMT-0700 (PDT)","Sun Aug 30 2015 07:54:00 GMT-0700 (PDT)","0"
"55f2c7fd9370b34c17432c89","","Biskfarm Multigrains","","10/pack,20/pack","","tinnker","product","0","0","0","Sun Aug 30 2015 07:54:00 GMT-0700 (PDT)","Sun Aug 30 2015 07:54:00 GMT-0700 (PDT)","0"
"55f2c7fd9370b34c17432c88","","Biskfarm Digestive","","5/pack,25/pack","","tinnker","product","0","0","0","Sun Aug 30 2015 07:54:00 GMT-0700 (PDT)","Sun Aug 30 2015 07:54:00 GMT-0700 (PDT)","0"
"55f2c7fd9370b34c17432c87","","Biskfarm Butter plus","","20/pack","","tinnker","product","0","0","0","Sun Aug 30 2015 07:54:00 GMT-0700 (PDT)","Sun Aug 30 2015 07:54:00 GMT-0700 (PDT)","0"
"55f2c7fd9370b34c17432c86","","Biskfarm Kaju plus","","10/pack,","","tinnker","product","0","0","0","Sun Aug 30 2015 07:54:00 GMT-0700 (PDT)","Sun Aug 30 2015 07:54:00 GMT-0700 (PDT)","0"
"55f2c7fd9370b34c17432c85","","Biskfarm Bourbon","","10/pack,","","tinnker","product","0","0","0","Sun Aug 30 2015 07:54:00 GMT-0700 (PDT)","Sun Aug 30 2015 07:54:00 GMT-0700 (PDT)","0"
"55f2c7fc9370b34c17432c84","","Biskfarm Butter biscuit","","22/regular,25/ sisami","","tinnker","product","0","0","0","Sun Aug 30 2015 07:54:00 GMT-0700 (PDT)","Sun Aug 30 2015 07:54:00 GMT-0700 (PDT)","0"
"55f2c7fc9370b34c17432c83","","Biskfarm Nice","","25/top,25 top gold, 25/top herb","","tinnker","product","0","0","0","Sun Aug 30 2015 07:54:00 GMT-0700 (PDT)","Sun Aug 30 2015 07:54:00 GMT-0700 (PDT)","0"
"55f2c7fc9370b34c17432c82","","Biskfarm Snackies","","30/masala,25/plain","","tinnker","product","0","0","0","Sun Aug 30 2015 07:54:00 GMT-0700 (PDT)","Sun Aug 30 2015 07:54:00 GMT-0700 (PDT)","0"
"55f2c7fc9370b34c17432c81","","Biskfarm half half","","26/300 gms,10/100 gms","","tinnker","product","0","0","0","Sun Aug 30 2015 07:54:00 GMT-0700 (PDT)","Sun Aug 30 2015 07:54:00 GMT-0700 (PDT)","0"
"55f2c7fc9370b34c17432c80","","Biskfarm gugli Regular and sisami","","10/satches,95/200 gms","","tinnker","product","0","0","0","Sun Aug 30 2015 07:54:00 GMT-0700 (PDT)","Sun Aug 30 2015 07:54:00 GMT-0700 (PDT)","0"
"55f2c7fc9370b34c17432c7f","","Biskfarm top,top gold,top herbs","","73/200 gms,178/500 gms,10/ satche","","tinnker","product","0","0","0","Sun Aug 30 2015 07:54:00 GMT-0700 (PDT)","Sun Aug 30 2015 07:54:00 GMT-0700 (PDT)","0"
"55f2c7fc9370b34c17432c7e","","Biskfarm Creamcracker(masala and plain)","","90/50 gms","","tinnker","product","0","0","0","Sun Aug 30 2015 07:54:00 GMT-0700 (PDT)","Sun Aug 30 2015 07:54:00 GMT-0700 (PDT)","0"
"55f2c7fc9370b34c17432c7d","","Biskfarm Marie","","10/8 gms,108/50 gms","","tinnker","product","0","0","0","Sun Aug 30 2015 07:54:00 GMT-0700 (PDT)","Sun Aug 30 2015 07:54:00 GMT-0700 (PDT)","0"
"55f2c7fc9370b34c17432c7c","","Everyday(10/-,200&400 gms)","","48/200 gms, 112/500 gms","","tinnker","product","0","0","0","Sun Aug 30 2015 07:54:00 GMT-0700 (PDT)","Sun Aug 30 2015 07:54:00 GMT-0700 (PDT)","0"
"55f2c7fc9370b34c17432c7b","","Amulya(10/-,200&500 gms)","","48/200 gms, 112/500 gms","","tinnker","product","0","0","0","Sun Aug 30 2015 07:54:00 GMT-0700 (PDT)","Sun Aug 30 2015 07:54:00 GMT-0700 (PDT)","0"
"55f2c7fc9370b34c17432c7a","","Sunrise","","48/200 gms, 112/500 gms","","tinnker","product","0","0","0","Sun Aug 30 2015 07:54:00 GMT-0700 (PDT)","Sun Aug 30 2015 07:54:00 GMT-0700 (PDT)","0"
"55f2c7fc9370b34c17432c79","","Nestle Classic(50 gms) 10/-","","18/90 gms","","tinnker","product","0","0","0","Sun Aug 30 2015 07:54:00 GMT-0700 (PDT)","Sun Aug 30 2015 07:54:00 GMT-0700 (PDT)","0"
"55f2c7fc9370b34c17432c78","","Mango(200&500 gms)","","60/50 gms","","tinnker","product","0","0","0","Sun Aug 30 2015 07:54:00 GMT-0700 (PDT)","Sun Aug 30 2015 07:54:00 GMT-0700 (PDT)","0"
"55f2c7fc9370b34c17432c77","","Pineapple(200&500 gms) ","","18/50 gms","","tinnker","product","0","0","0","Sun Aug 30 2015 07:54:00 GMT-0700 (PDT)","Sun Aug 30 2015 07:54:00 GMT-0700 (PDT)","0"
"55f2c7fb9370b34c17432c76","","M.Fruit ","","35/100 gms","","tinnker","product","0","0","0","Sun Aug 30 2015 07:54:00 GMT-0700 (PDT)","Sun Aug 30 2015 07:54:00 GMT-0700 (PDT)","0"
"55f2c7fb9370b34c17432c75","","Kissan","","25/100 gms","","tinnker","product","0","0","0","Sun Aug 30 2015 07:54:00 GMT-0700 (PDT)","Sun Aug 30 2015 07:54:00 GMT-0700 (PDT)","0"
"55f2c7fb9370b34c17432c74","","Mango(200&500 gms)","","11/250","","tinnker","product","0","0","0","Sun Aug 30 2015 07:54:00 GMT-0700 (PDT)","Sun Aug 30 2015 07:54:00 GMT-0700 (PDT)","0"
"55f2c7fb9370b34c17432c73","","Pineapple(200&500 gms) ","","15/250 gm","","tinnker","product","0","0","0","Sun Aug 30 2015 07:54:00 GMT-0700 (PDT)","Sun Aug 30 2015 07:54:00 GMT-0700 (PDT)","0"
"55f2c7fb9370b34c17432c72","","M. Fruit (200 gms & 500gms)","","18/90 gms","","tinnker","product","0","0","0","Sun Aug 30 2015 07:54:00 GMT-0700 (PDT)","Sun Aug 30 2015 07:54:00 GMT-0700 (PDT)","0"
"55f2c7fb9370b34c17432c71","","DRUK","","18/90 gms","","tinnker","product","0","0","0","Sun Aug 30 2015 07:54:00 GMT-0700 (PDT)","Sun Aug 30 2015 07:54:00 GMT-0700 (PDT)","0"
"55f2c7fb9370b34c17432c70","","Weikfield coco powder","","60/50 gms","","tinnker","product","0","0","0","Sun Aug 30 2015 07:54:00 GMT-0700 (PDT)","Sun Aug 30 2015 07:54:00 GMT-0700 (PDT)","0"
"55f2c7fb9370b34c17432c6f","","Weikfield Baking powder","","18/50 gms","","tinnker","product","0","0","0","Sun Aug 30 2015 07:54:00 GMT-0700 (PDT)","Sun Aug 30 2015 07:54:00 GMT-0700 (PDT)","0"
"55f2c7fb9370b34c17432c6e","","Weikfield Custard","","35/100 gms","","tinnker","product","0","0","0","Sun Aug 30 2015 07:54:00 GMT-0700 (PDT)","Sun Aug 30 2015 07:54:00 GMT-0700 (PDT)","0"
"55f2c7fb9370b34c17432c6d","","Weikfield Cornflower","","25/100 gms","","tinnker","product","0","0","0","Sun Aug 30 2015 07:54:00 GMT-0700 (PDT)","Sun Aug 30 2015 07:54:00 GMT-0700 (PDT)","0"
"55f2c7fb9370b34c17432c6c","","Raj Lakhi","","11/250","","tinnker","product","0","0","0","Sun Aug 30 2015 07:54:00 GMT-0700 (PDT)","Sun Aug 30 2015 07:54:00 GMT-0700 (PDT)","0"
"55f2c7fb9370b34c17432c6b","","Taaza","","15/250 gm","","tinnker","product","0","0","0","Sun Aug 30 2015 07:54:00 GMT-0700 (PDT)","Sun Aug 30 2015 07:54:00 GMT-0700 (PDT)","0"
"55f2c7fb9370b34c17432c6a","","Fortune(90gms)","","18/90 gms","","tinnker","product","0","0","0","Sun Aug 30 2015 07:54:00 GMT-0700 (PDT)","Sun Aug 30 2015 07:54:00 GMT-0700 (PDT)","0"
"55f2c7fa9370b34c17432c69","","Nutrella(90gms)","","18/90 gms","","tinnker","product","0","0","0","Sun Aug 30 2015 07:54:00 GMT-0700 (PDT)","Sun Aug 30 2015 07:54:00 GMT-0700 (PDT)","0"
"55f2c7fa9370b34c17432c68","","PACKET","","126/500 gms","","tinnker","product","0","0","0","Sun Aug 30 2015 07:54:00 GMT-0700 (PDT)","Sun Aug 30 2015 07:54:00 GMT-0700 (PDT)","0"
"55f2c7fa9370b34c17432c67","","Fortune","","150/kg","","tinnker","product","0","0","0","Sun Aug 30 2015 07:54:00 GMT-0700 (PDT)","Sun Aug 30 2015 07:54:00 GMT-0700 (PDT)","0"
"55f2c7fa9370b34c17432c66","","Nutrella","","210/500 gms","","tinnker","product","0","0","0","Sun Aug 30 2015 07:54:00 GMT-0700 (PDT)","Sun Aug 30 2015 07:54:00 GMT-0700 (PDT)","0"
"55f2c7fa9370b34c17432c65","","LOOSE","","197/500 gms","","tinnker","product","0","0","0","Sun Aug 30 2015 07:54:00 GMT-0700 (PDT)","Sun Aug 30 2015 07:54:00 GMT-0700 (PDT)","0"
"55f2c7fa9370b34c17432c64","","Glucon D Nimboo Pani","","197/ 500 gms, 360/ kg","","tinnker","product","0","0","0","Sun Aug 30 2015 07:54:00 GMT-0700 (PDT)","Sun Aug 30 2015 07:54:00 GMT-0700 (PDT)","0"
"55f2c7fa9370b34c17432c63","","Glucon D","","245/500 gms","","tinnker","product","0","0","0","Sun Aug 30 2015 07:54:00 GMT-0700 (PDT)","Sun Aug 30 2015 07:54:00 GMT-0700 (PDT)","0"
"55f2c7fa9370b34c17432c62","","Complan","","260/500 gms","","tinnker","product","0","0","0","Sun Aug 30 2015 07:54:00 GMT-0700 (PDT)","Sun Aug 30 2015 07:54:00 GMT-0700 (PDT)","0"
"55f2c7fa9370b34c17432c61","","Bournvita","","126/500 gms","","tinnker","product","0","0","0","Sun Aug 30 2015 07:54:00 GMT-0700 (PDT)","Sun Aug 30 2015 07:54:00 GMT-0700 (PDT)","0"
"55f2c7fa9370b34c17432c60","","Regular","","150/kg","","tinnker","product","0","0","0","Sun Aug 30 2015 07:54:00 GMT-0700 (PDT)","Sun Aug 30 2015 07:54:00 GMT-0700 (PDT)","0"
"55f2c7fa9370b34c17432c5f","","Women's ","","210/500 gms","","tinnker","product","0","0","0","Sun Aug 30 2015 07:54:00 GMT-0700 (PDT)","Sun Aug 30 2015 07:54:00 GMT-0700 (PDT)","0"
"55f2c7fa9370b34c17432c5e","","Lite","","197/500 gms","","tinnker","product","0","0","0","Sun Aug 30 2015 07:54:00 GMT-0700 (PDT)","Sun Aug 30 2015 07:54:00 GMT-0700 (PDT)","0"
"55f2c7fa9370b34c17432c5d","","Horlicks(Entire Range)","","197/ 500 gms, 360/ kg","","tinnker","product","0","0","0","Sun Aug 30 2015 07:54:00 GMT-0700 (PDT)","Sun Aug 30 2015 07:54:00 GMT-0700 (PDT)","0"
"55f2c7f99370b34c17432c5c","","Black Hit","","245/500 gms","","tinnker","product","0","0","0","Sun Aug 30 2015 07:54:00 GMT-0700 (PDT)","Sun Aug 30 2015 07:54:00 GMT-0700 (PDT)","0"
"55f2c7f99370b34c17432c5b","","Red Hit","","260/500 gms","","tinnker","product","0","0","0","Sun Aug 30 2015 07:54:00 GMT-0700 (PDT)","Sun Aug 30 2015 07:54:00 GMT-0700 (PDT)","0"
"55f2c7f99370b34c17432c5a","","Low Smoke coil","","165/ medium size bottle","","tinnker","product","0","0","0","Sun Aug 30 2015 07:54:00 GMT-0700 (PDT)","Sun Aug 30 2015 07:54:00 GMT-0700 (PDT)","0"
"55f2c7f99370b34c17432c59","","Goodnight Advance ","","165/ medium size bottle","","tinnker","product","0","0","0","Sun Aug 30 2015 07:54:00 GMT-0700 (PDT)","Sun Aug 30 2015 07:54:00 GMT-0700 (PDT)","0"
"55f2c7f99370b34c17432c58","","All-out Liquid","","33/pack","","tinnker","product","0","0","0","Sun Aug 30 2015 07:54:00 GMT-0700 (PDT)","Sun Aug 30 2015 07:54:00 GMT-0700 (PDT)","0"
"55f2c7f99370b34c17432c57","","Bisk Farm, Brittania, Sugar and spiceCakes ","","66/pack","","tinnker","product","0","0","0","Sun Aug 30 2015 07:54:00 GMT-0700 (PDT)","Sun Aug 30 2015 07:54:00 GMT-0700 (PDT)","0"
"55f2c7f99370b34c17432c56","","Kurkure","","66/pack","","tinnker","product","0","0","0","Sun Aug 30 2015 07:54:00 GMT-0700 (PDT)","Sun Aug 30 2015 07:54:00 GMT-0700 (PDT)","0"
"55f2c7f99370b34c17432c55","","Dal Fry","","5/ cup cake, 10/ slice cakes","","tinnker","product","0","0","0","Sun Aug 30 2015 07:54:00 GMT-0700 (PDT)","Sun Aug 30 2015 07:54:00 GMT-0700 (PDT)","0"
"55f2c7f99370b34c17432c54","","Coated Badam","","5/ pouch","","tinnker","product","0","0","0","Sun Aug 30 2015 07:54:00 GMT-0700 (PDT)","Sun Aug 30 2015 07:54:00 GMT-0700 (PDT)","0"
"55f2c7f99370b34c17432c53","","Salted Badam","","5/ pouch","","tinnker","product","0","0","0","Sun Aug 30 2015 07:54:00 GMT-0700 (PDT)","Sun Aug 30 2015 07:54:00 GMT-0700 (PDT)","0"
"55f2c7f99370b34c17432c52","","Mukhorochok Nimki","","5/ pouch,45/200 gms","","tinnker","product","0","0","0","Sun Aug 30 2015 07:54:00 GMT-0700 (PDT)","Sun Aug 30 2015 07:54:00 GMT-0700 (PDT)","0"
"55f2c7f99370b34c17432c51","","Mukhorochok Diet Cheera","","5/pouch","","tinnker","product","0","0","0","Sun Aug 30 2015 07:54:00 GMT-0700 (PDT)","Sun Aug 30 2015 07:54:00 GMT-0700 (PDT)","0"
"55f2c7f99370b34c17432c50","","Bisk Farm Mixture","","30/ 200 gms","","tinnker","product","0","0","0","Sun Aug 30 2015 07:54:00 GMT-0700 (PDT)","Sun Aug 30 2015 07:54:00 GMT-0700 (PDT)","0"
"55f2c7f99370b34c17432c4f","","Biskfarm Bhujia","","30/200 gms","","tinnker","product","0","0","0","Sun Aug 30 2015 07:54:00 GMT-0700 (PDT)","Sun Aug 30 2015 07:54:00 GMT-0700 (PDT)","0"
"55f2c7f89370b34c17432c4e","","jhaal (100,150,400 gms)","","5/ pouch","","tinnker","product","0","0","0","Sun Aug 30 2015 07:54:00 GMT-0700 (PDT)","Sun Aug 30 2015 07:54:00 GMT-0700 (PDT)","0"
"55f2c7f89370b34c17432c4d","","Salty","","5/ pouch, 35/ 200 gms","","tinnker","product","0","0","0","Sun Aug 30 2015 07:54:00 GMT-0700 (PDT)","Sun Aug 30 2015 07:54:00 GMT-0700 (PDT)","0"
"55f2c7f89370b34c17432c4c","","Sweet Sour(100,200,400 gms)","","18/ 100 gms","","tinnker","product","0","0","0","Sun Aug 30 2015 07:54:00 GMT-0700 (PDT)","Sun Aug 30 2015 07:54:00 GMT-0700 (PDT)","0"
"55f2c7f89370b34c17432c4b","","MUKHOROCHOK Mixture","","35/200 gms","","tinnker","product","0","0","0","Sun Aug 30 2015 07:54:00 GMT-0700 (PDT)","Sun Aug 30 2015 07:54:00 GMT-0700 (PDT)","0"
"55f2c7f89370b34c17432c4a","","ADA+LAHSOON PASTE","","18/100 gms","","tinnker","product","0","0","0","Sun Aug 30 2015 07:54:00 GMT-0700 (PDT)","Sun Aug 30 2015 07:54:00 GMT-0700 (PDT)","0"
"55f2c7f89370b34c17432c49","","LAHSOON","","10/kg","","tinnker","product","0","0","0","Sun Aug 30 2015 07:54:00 GMT-0700 (PDT)","Sun Aug 30 2015 07:54:00 GMT-0700 (PDT)","0"
"55f2c7f89370b34c17432c48","","ADA","","20/ lb","","tinnker","product","0","0","0","Sun Aug 30 2015 07:54:00 GMT-0700 (PDT)","Sun Aug 30 2015 07:54:00 GMT-0700 (PDT)","0"
"55f2c7f89370b34c17432c47","","PYAAZ","","18/ lb","","tinnker","product","0","0","0","Sun Aug 30 2015 07:54:00 GMT-0700 (PDT)","Sun Aug 30 2015 07:54:00 GMT-0700 (PDT)","0"
"55f2c7f89370b34c17432c46","","Chandramukhi ALOO","","5/ pouch","","tinnker","product","0","0","0","Sun Aug 30 2015 07:54:00 GMT-0700 (PDT)","Sun Aug 30 2015 07:54:00 GMT-0700 (PDT)","0"
"55f2c7f89370b34c17432c45","","Jyoti Aloo","","20/100 gms","","tinnker","product","0","0","0","Sun Aug 30 2015 07:54:00 GMT-0700 (PDT)","Sun Aug 30 2015 07:54:00 GMT-0700 (PDT)","0"
"55f2c7f89370b34c17432c44","","Brown","","16/100 gms","","tinnker","product","0","0","0","Sun Aug 30 2015 07:54:00 GMT-0700 (PDT)","Sun Aug 30 2015 07:54:00 GMT-0700 (PDT)","0"
"55f2c7f89370b34c17432c43","","White","","68/kg","","tinnker","product","0","0","0","Sun Aug 30 2015 07:54:00 GMT-0700 (PDT)","Sun Aug 30 2015 07:54:00 GMT-0700 (PDT)","0"
"55f2c7f89370b34c17432c42","","BREAD","","15/kg","","tinnker","product","0","0","0","Sun Aug 30 2015 07:54:00 GMT-0700 (PDT)","Sun Aug 30 2015 07:54:00 GMT-0700 (PDT)","0"
"55f2c7f79370b34c17432c41","","Margarin Nutrilite","","10/kg","","tinnker","product","0","0","0","Sun Aug 30 2015 07:54:00 GMT-0700 (PDT)","Sun Aug 30 2015 07:54:00 GMT-0700 (PDT)","0"
"55f2c7f79370b34c17432c40","","Margarin Marigold","","20/ lb","","tinnker","product","0","0","0","Sun Aug 30 2015 07:54:00 GMT-0700 (PDT)","Sun Aug 30 2015 07:54:00 GMT-0700 (PDT)","0"
"55f2c7f79370b34c17432c3f","","Amul Butter","","18/ lb","","tinnker","product","0","0","0","Sun Aug 30 2015 07:54:00 GMT-0700 (PDT)","Sun Aug 30 2015 07:54:00 GMT-0700 (PDT)","0"
"55f2c7f79370b34c17432c3e","","BUTTER","","15/100 gms","","tinnker","product","0","0","0","Sun Aug 30 2015 07:54:00 GMT-0700 (PDT)","Sun Aug 30 2015 07:54:00 GMT-0700 (PDT)","0"
"55f2c7f79370b34c17432c3d","","Amul Dahi 200gms and 400gms","","45/200 gms pack","","tinnker","product","0","0","0","Sun Aug 30 2015 07:54:00 GMT-0700 (PDT)","Sun Aug 30 2015 07:54:00 GMT-0700 (PDT)","0"
"55f2c7f79370b34c17432c3c","","DAHI","","38/100 gms,185/500 gms","","tinnker","product","0","0","0","Sun Aug 30 2015 07:54:00 GMT-0700 (PDT)","Sun Aug 30 2015 07:54:00 GMT-0700 (PDT)","0"
"55f2c7f79370b34c17432c3b","","EGG","","4/piece","","tinnker","product","0","0","0","Sun Aug 30 2015 07:54:00 GMT-0700 (PDT)","Sun Aug 30 2015 07:54:00 GMT-0700 (PDT)","0"
"55f2c7f79370b34c17432c3a","","Amul Taaza tetra pack","","58/ ltr","","tinnker","product","0","0","0","Sun Aug 30 2015 07:54:00 GMT-0700 (PDT)","Sun Aug 30 2015 07:54:00 GMT-0700 (PDT)","0"
"55f2c7f79370b34c17432c39","","Metro","","58/ ltr","","tinnker","product","0","0","0","Sun Aug 30 2015 07:54:00 GMT-0700 (PDT)","Sun Aug 30 2015 07:54:00 GMT-0700 (PDT)","0"
"55f2c7f79370b34c17432c38","","Amul Slim ","","19/ .5ltr","","tinnker","product","0","0","0","Sun Aug 30 2015 07:54:00 GMT-0700 (PDT)","Sun Aug 30 2015 07:54:00 GMT-0700 (PDT)","0"
"55f2c7f79370b34c17432c37","","Amul Taaza","","17/ .5ltr","","tinnker","product","0","0","0","Sun Aug 30 2015 07:54:00 GMT-0700 (PDT)","Sun Aug 30 2015 07:54:00 GMT-0700 (PDT)","0"
"55f2c7f79370b34c17432c36","","Amul Gold","","19/ .5ltr","","tinnker","product","0","0","0","Sun Aug 30 2015 07:54:00 GMT-0700 (PDT)","Sun Aug 30 2015 07:54:00 GMT-0700 (PDT)","0"
"55f2c7f79370b34c17432c35","","MILK","","24/ .5ltr","","tinnker","product","0","0","0","Sun Aug 30 2015 07:54:00 GMT-0700 (PDT)","Sun Aug 30 2015 07:54:00 GMT-0700 (PDT)","0"
"55f2c7f69370b34c17432c34","","Sundrop Gold light","","128/ltr","","tinnker","product","0","0","0","Sun Aug 30 2015 07:54:00 GMT-0700 (PDT)","Sun Aug 30 2015 07:54:00 GMT-0700 (PDT)","0"
"55f2c7f69370b34c17432c33","","Safola tasty","","110/ltr","","tinnker","product","0","0","0","Sun Aug 30 2015 07:54:00 GMT-0700 (PDT)","Sun Aug 30 2015 07:54:00 GMT-0700 (PDT)","0"
"55f2c7f69370b34c17432c32","","Safola Gold","","108/ltr","","tinnker","product","0","0","0","Sun Aug 30 2015 07:54:00 GMT-0700 (PDT)","Sun Aug 30 2015 07:54:00 GMT-0700 (PDT)","0"
"55f2c7f69370b34c17432c31","","BLENDED","","110/ltr","","tinnker","product","0","0","0","Sun Aug 30 2015 07:54:00 GMT-0700 (PDT)","Sun Aug 30 2015 07:54:00 GMT-0700 (PDT)","0"
"55f2c7f69370b34c17432c30","","Mahakosh","","88/ltr","","tinnker","product","0","0","0","Sun Aug 30 2015 07:54:00 GMT-0700 (PDT)","Sun Aug 30 2015 07:54:00 GMT-0700 (PDT)","0"
"55f2c7f69370b34c17432c2f","","Arati","","102/ltr","","tinnker","product","0","0","0","Sun Aug 30 2015 07:54:00 GMT-0700 (PDT)","Sun Aug 30 2015 07:54:00 GMT-0700 (PDT)","0"
"55f2c7f69370b34c17432c2e","","Nature Fresh","","128/ltr","","tinnker","product","0","0","0","Sun Aug 30 2015 07:54:00 GMT-0700 (PDT)","Sun Aug 30 2015 07:54:00 GMT-0700 (PDT)","0"
"55f2c7f69370b34c17432c2d","","Emami","","110/ltr","","tinnker","product","0","0","0","Sun Aug 30 2015 07:54:00 GMT-0700 (PDT)","Sun Aug 30 2015 07:54:00 GMT-0700 (PDT)","0"
"55f2c7f69370b34c17432c2c","","SOYA","","108/ltr","","tinnker","product","0","0","0","Sun Aug 30 2015 07:54:00 GMT-0700 (PDT)","Sun Aug 30 2015 07:54:00 GMT-0700 (PDT)","0"
"55f2c7f69370b34c17432c2b","","Sundrop","","110/ltr","","tinnker","product","0","0","0","Sun Aug 30 2015 07:54:00 GMT-0700 (PDT)","Sun Aug 30 2015 07:54:00 GMT-0700 (PDT)","0"
"55f2c7f69370b34c17432c2a","","Nature Fresh","","88/ltr","","tinnker","product","0","0","0","Sun Aug 30 2015 07:54:00 GMT-0700 (PDT)","Sun Aug 30 2015 07:54:00 GMT-0700 (PDT)","0"
"55f2c7f69370b34c17432c29","","Emami","","102/ltr","","tinnker","product","0","0","0","Sun Aug 30 2015 07:54:00 GMT-0700 (PDT)","Sun Aug 30 2015 07:54:00 GMT-0700 (PDT)","0"
"55f2c7f69370b34c17432c28","","SUNFLOWER OIL","","128/ltr","","tinnker","product","0","0","0","Sun Aug 30 2015 07:54:00 GMT-0700 (PDT)","Sun Aug 30 2015 07:54:00 GMT-0700 (PDT)","0"
"55f2c7f59370b34c17432c27","","Tripti","","110/ltr","","tinnker","product","0","0","0","Sun Aug 30 2015 07:54:00 GMT-0700 (PDT)","Sun Aug 30 2015 07:54:00 GMT-0700 (PDT)","0"
"55f2c7f59370b34c17432c26","","Arati","","108/ltr","","tinnker","product","0","0","0","Sun Aug 30 2015 07:54:00 GMT-0700 (PDT)","Sun Aug 30 2015 07:54:00 GMT-0700 (PDT)","0"
"55f2c7f59370b34c17432c25","","Engine","","110/ltr","","tinnker","product","0","0","0","Sun Aug 30 2015 07:54:00 GMT-0700 (PDT)","Sun Aug 30 2015 07:54:00 GMT-0700 (PDT)","0"
"55f2c7f59370b34c17432c24","","Nature Fresh ","","30/1 kg, 144/5 kg","","tinnker","product","0","0","0","Sun Aug 30 2015 07:54:00 GMT-0700 (PDT)","Sun Aug 30 2015 07:54:00 GMT-0700 (PDT)","0"
"55f2c7f59370b34c17432c23","","Fortune","","22/kg","","tinnker","product","0","0","0","Sun Aug 30 2015 07:54:00 GMT-0700 (PDT)","Sun Aug 30 2015 07:54:00 GMT-0700 (PDT)","0"
"55f2c7f59370b34c17432c22","","Emami","","90/50 gms","","tinnker","product","0","0","0","Sun Aug 30 2015 07:54:00 GMT-0700 (PDT)","Sun Aug 30 2015 07:54:00 GMT-0700 (PDT)","0"
"55f2c7f59370b34c17432c21","","MUSTARD OIL","","27/500 gms","","tinnker","product","0","0","0","Sun Aug 30 2015 07:54:00 GMT-0700 (PDT)","Sun Aug 30 2015 07:54:00 GMT-0700 (PDT)","0"
"55f2c7f59370b34c17432c20","","Ganesh Dalia","","24/200 gms","","tinnker","product","0","0","0","Sun Aug 30 2015 07:54:00 GMT-0700 (PDT)","Sun Aug 30 2015 07:54:00 GMT-0700 (PDT)","0"
"55f2c7f59370b34c17432c1f","","Satyandra Sattoo 100,200,500 gms","","25/500 gms","","tinnker","product","0","0","0","Sun Aug 30 2015 07:54:00 GMT-0700 (PDT)","Sun Aug 30 2015 07:54:00 GMT-0700 (PDT)","0"
"55f2c7f59370b34c17432c1e","","Ganesh Chawal Atta","","20/200 gms","","tinnker","product","0","0","0","Sun Aug 30 2015 07:54:00 GMT-0700 (PDT)","Sun Aug 30 2015 07:54:00 GMT-0700 (PDT)","0"
"55f2c7f59370b34c17432c1d","","Ganesh Besan 200 gms, 500 gms","","40/kg","","tinnker","product","0","0","0","Sun Aug 30 2015 07:54:00 GMT-0700 (PDT)","Sun Aug 30 2015 07:54:00 GMT-0700 (PDT)","0"
"55f2c7f59370b34c17432c1c","","Ganesh Suji 200 gms,500 gms","","31/kg","","tinnker","product","0","0","0","Sun Aug 30 2015 07:54:00 GMT-0700 (PDT)","Sun Aug 30 2015 07:54:00 GMT-0700 (PDT)","0"
"55f2c7f59370b34c17432c1b","","Ganesh Maida","","142/5 kg","","tinnker","product","0","0","0","Sun Aug 30 2015 07:54:00 GMT-0700 (PDT)","Sun Aug 30 2015 07:54:00 GMT-0700 (PDT)","0"
"55f2c7f49370b34c17432c1a","","Nature Fresh 5kg","","33/1 kg, 145/5 kg","","tinnker","product","0","0","0","Sun Aug 30 2015 07:54:00 GMT-0700 (PDT)","Sun Aug 30 2015 07:54:00 GMT-0700 (PDT)","0"
"55f2c7f49370b34c17432c19","","Ashirwad 5 kg ","","30/1 kg, 144/5 kg","","tinnker","product","0","0","0","Sun Aug 30 2015 07:54:00 GMT-0700 (PDT)","Sun Aug 30 2015 07:54:00 GMT-0700 (PDT)","0"
"55f2c7f49370b34c17432c18","","Ganesh 5kg and 1 kg","","22/kg","","tinnker","product","0","0","0","Sun Aug 30 2015 07:54:00 GMT-0700 (PDT)","Sun Aug 30 2015 07:54:00 GMT-0700 (PDT)","0"
"55f2c7f49370b34c17432c17","","Atta(loose)","","90/50 gms","","tinnker","product","0","0","0","Sun Aug 30 2015 07:54:00 GMT-0700 (PDT)","Sun Aug 30 2015 07:54:00 GMT-0700 (PDT)","0"
"55f2c7f49370b34c17432c16","","Gol Mirch","","34/50 gms","","tinnker","product","0","0","0","Sun Aug 30 2015 07:54:00 GMT-0700 (PDT)","Sun Aug 30 2015 07:54:00 GMT-0700 (PDT)","0"
"55f2c7f49370b34c17432c15","","Sambar Masala ","","27/50 gms","","tinnker","product","0","0","0","Sun Aug 30 2015 07:54:00 GMT-0700 (PDT)","Sun Aug 30 2015 07:54:00 GMT-0700 (PDT)","0"
"55f2c7f49370b34c17432c14","","Garam Masala","","25/50 gms","","tinnker","product","0","0","0","Sun Aug 30 2015 07:54:00 GMT-0700 (PDT)","Sun Aug 30 2015 07:54:00 GMT-0700 (PDT)","0"
"55f2c7f49370b34c17432c13","","Paw Bhaji","","28/50 gms","","tinnker","product","0","0","0","Sun Aug 30 2015 07:54:00 GMT-0700 (PDT)","Sun Aug 30 2015 07:54:00 GMT-0700 (PDT)","0"
"55f2c7f49370b34c17432c12","","Kashmiri Lal","","34/50 gms","","tinnker","product","0","0","0","Sun Aug 30 2015 07:54:00 GMT-0700 (PDT)","Sun Aug 30 2015 07:54:00 GMT-0700 (PDT)","0"
"55f2c7f39370b34c17432c11","","EVEREST","","27/50 gms","","tinnker","product","0","0","0","Sun Aug 30 2015 07:54:00 GMT-0700 (PDT)","Sun Aug 30 2015 07:54:00 GMT-0700 (PDT)","0"
"55f2c7f39370b34c17432c10","","Jaitri","","25/50 gms","","tinnker","product","0","0","0","Sun Aug 30 2015 07:54:00 GMT-0700 (PDT)","Sun Aug 30 2015 07:54:00 GMT-0700 (PDT)","0"
"55f2c7f39370b34c17432c0f","","Jaiphal","","20/10 gms","","tinnker","product","0","0","0","Sun Aug 30 2015 07:54:00 GMT-0700 (PDT)","Sun Aug 30 2015 07:54:00 GMT-0700 (PDT)","0"
"55f2c7f39370b34c17432c0e","","Lavanga","","9/ piece ","","tinnker","product","0","0","0","Sun Aug 30 2015 07:54:00 GMT-0700 (PDT)","Sun Aug 30 2015 07:54:00 GMT-0700 (PDT)","0"
"55f2c7f39370b34c17432c0d","","Dalchini","","18/10gms","","tinnker","product","0","0","0","Sun Aug 30 2015 07:54:00 GMT-0700 (PDT)","Sun Aug 30 2015 07:54:00 GMT-0700 (PDT)","0"
"55f2c7f39370b34c17432c0c","","Elaichi","","5/10 gms","","tinnker","product","0","0","0","Sun Aug 30 2015 07:54:00 GMT-0700 (PDT)","Sun Aug 30 2015 07:54:00 GMT-0700 (PDT)","0"
"55f2c7f39370b34c17432c0b","","GARAM MASALA","","18/10 gms","","tinnker","product","0","0","0","Sun Aug 30 2015 07:54:00 GMT-0700 (PDT)","Sun Aug 30 2015 07:54:00 GMT-0700 (PDT)","0"
"55f2c7f39370b34c17432c0a","","Everest hing","","35/25 gms","","tinnker","product","0","0","0","Sun Aug 30 2015 07:54:00 GMT-0700 (PDT)","Sun Aug 30 2015 07:54:00 GMT-0700 (PDT)","0"
"55f2c7f39370b34c17432c09","","Lg Hing","","60/50 gms","","tinnker","product","0","0","0","Sun Aug 30 2015 07:54:00 GMT-0700 (PDT)","Sun Aug 30 2015 07:54:00 GMT-0700 (PDT)","0"
"55f2c7f29370b34c17432c03","","Chola Dal","","140/kg","","tinnker","product","0","0","0","Sun Aug 30 2015 07:54:00 GMT-0700 (PDT)","Sun Aug 30 2015 07:54:00 GMT-0700 (PDT)","0"
"55f2c7f29370b34c17432c02","","Baskati Rice(Boiled)","","42/kg","","tinnker","product","0","0","0","Sun Aug 30 2015 07:54:00 GMT-0700 (PDT)","Sun Aug 30 2015 07:54:00 GMT-0700 (PDT)","0"
"55f2c7f29370b34c17432c01","","Sela Sedda Rice(Boiled)","","48/kg","","tinnker","product","0","0","0","Sun Aug 30 2015 07:54:00 GMT-0700 (PDT)","Sun Aug 30 2015 07:54:00 GMT-0700 (PDT)","0"
"55f2c7f29370b34c17432c00","","Minikit Rice(Boiled)","","34/kg","","tinnker","product","0","0","0","Sun Aug 30 2015 07:54:00 GMT-0700 (PDT)","Sun Aug 30 2015 07:54:00 GMT-0700 (PDT)","0"
"55f2c7f29370b34c17432bff","","BN 20 Rice(Raw)","","41/kg","","tinnker","product","0","0","0","Sun Aug 30 2015 07:54:00 GMT-0700 (PDT)","Sun Aug 30 2015 07:54:00 GMT-0700 (PDT)","0"
"55f2c7f29370b34c17432bfe","","Sanam Rice(Raw)","","31/kg","","tinnker","product","0","0","0","Sun Aug 30 2015 07:54:00 GMT-0700 (PDT)","Sun Aug 30 2015 07:54:00 GMT-0700 (PDT)","0"
"55f2c7f29370b34c17432bfd","","Govind Bhog Rice(Raw)","","36/kg","","tinnker","product","0","0","0","Sun Aug 30 2015 07:54:00 GMT-0700 (PDT)","Sun Aug 30 2015 07:54:00 GMT-0700 (PDT)","0"
"55f2c7f29370b34c17432bfc","","India Gate Rice(Raw)","","60/kg","","tinnker","product","0","0","0","Sun Aug 30 2015 07:54:00 GMT-0700 (PDT)","Sun Aug 30 2015 07:54:00 GMT-0700 (PDT)","0"
"55f2c7f29370b34c17432bfb","","Lobhia Dal","","130/kg","","tinnker","product","0","0","0","Sun Aug 30 2015 07:54:00 GMT-0700 (PDT)","Sun Aug 30 2015 07:54:00 GMT-0700 (PDT)","0"
"55f2c7f29370b34c17432bfa","","Punjab Masur Dal","","80/kg","","tinnker","product","0","0","0","Sun Aug 30 2015 07:54:00 GMT-0700 (PDT)","Sun Aug 30 2015 07:54:00 GMT-0700 (PDT)","0"
"55f2c7f29370b34c17432bf9","","Kamal Masur Dal","","116/kg","","tinnker","product","0","0","0","Sun Aug 30 2015 07:54:00 GMT-0700 (PDT)","Sun Aug 30 2015 07:54:00 GMT-0700 (PDT)","0"
"55f2c7f29370b34c17432bf8","","Moong Dal","","130/kg","","tinnker","product","0","0","0","Sun Aug 30 2015 07:54:00 GMT-0700 (PDT)","Sun Aug 30 2015 07:54:00 GMT-0700 (PDT)","0"
"55f2c7f19370b34c17432bf7","","Gota Urad Dal","","130/kg","","tinnker","product","0","0","0","Sun Aug 30 2015 07:54:00 GMT-0700 (PDT)","Sun Aug 30 2015 07:54:00 GMT-0700 (PDT)","0"
"55f2c7f19370b34c17432bf6","","Gota Moong Dal","","120/kg","","tinnker","product","0","0","0","Sun Aug 30 2015 07:54:00 GMT-0700 (PDT)","Sun Aug 30 2015 07:54:00 GMT-0700 (PDT)","0"
"55f2c7f19370b34c17432bf5","","Gota Matar Dal","","105/kg","","tinnker","product","0","0","0","Sun Aug 30 2015 07:54:00 GMT-0700 (PDT)","Sun Aug 30 2015 07:54:00 GMT-0700 (PDT)","0"
"55f2c7f19370b34c17432bf4","","Lal Chana Dal","","40/kg","","tinnker","product","0","0","0","Sun Aug 30 2015 07:54:00 GMT-0700 (PDT)","Sun Aug 30 2015 07:54:00 GMT-0700 (PDT)","0"
"55f2c7f19370b34c17432bf3","","Kabuli Chana Dal","","56/kg","","tinnker","product","0","0","0","Sun Aug 30 2015 07:54:00 GMT-0700 (PDT)","Sun Aug 30 2015 07:54:00 GMT-0700 (PDT)","0"
"55f2c7f19370b34c17432bf2","","Rajma Dal","","90/kg","","tinnker","product","0","0","0","Sun Aug 30 2015 07:54:00 GMT-0700 (PDT)","Sun Aug 30 2015 07:54:00 GMT-0700 (PDT)","0"
"55f2c7f19370b34c17432bf1","","Cleaned Bhaja Chana Dal","","100/kg","","tinnker","product","0","0","0","Sun Aug 30 2015 07:54:00 GMT-0700 (PDT)","Sun Aug 30 2015 07:54:00 GMT-0700 (PDT)","0"
"55f2c7f19370b34c17432bf0","","Chiney Badam","","95/kg","","tinnker","product","0","0","0","Sun Aug 30 2015 07:54:00 GMT-0700 (PDT)","Sun Aug 30 2015 07:54:00 GMT-0700 (PDT)","0"
"55f2c7f19370b34c17432bef","","Sabudana","","110/kg","","tinnker","product","0","0","0","Sun Aug 30 2015 07:54:00 GMT-0700 (PDT)","Sun Aug 30 2015 07:54:00 GMT-0700 (PDT)","0"
"55f2c7f19370b34c17432bee","","Sabut Masala","","24/100 gms","","tinnker","product","0","0","0","Sun Aug 30 2015 07:54:00 GMT-0700 (PDT)","Sun Aug 30 2015 07:54:00 GMT-0700 (PDT)","0"
"55f2c7f19370b34c17432bed","","Gota Jeera","","10/100 gms","","tinnker","product","0","0","0","Sun Aug 30 2015 07:54:00 GMT-0700 (PDT)","Sun Aug 30 2015 07:54:00 GMT-0700 (PDT)","0"
"55f2c7f19370b34c17432bec","","Kala Sarso","","12/100 gms","","tinnker","product","0","0","0","Sun Aug 30 2015 07:54:00 GMT-0700 (PDT)","Sun Aug 30 2015 07:54:00 GMT-0700 (PDT)","0"
"55f2c7f19370b34c17432beb","","Sada Sarso","","18/100 gms","","tinnker","product","0","0","0","Sun Aug 30 2015 07:54:00 GMT-0700 (PDT)","Sun Aug 30 2015 07:54:00 GMT-0700 (PDT)","0"
"55f2c7f09370b34c17432bea","","Shukno Lanka","","16/100 gms","","tinnker","product","0","0","0","Sun Aug 30 2015 07:54:00 GMT-0700 (PDT)","Sun Aug 30 2015 07:54:00 GMT-0700 (PDT)","0"
"55f2c7f39370b34c17432c08","","Shahi Garam Masala powder","","6/5 gms","","tinnker","product","0","0","0","Sun Aug 30 2015 07:54:00 GMT-0700 (PDT)","Sun Aug 30 2015 07:54:00 GMT-0700 (PDT)","0"
"55f2c7f09370b34c17432be9","","Methi","","20/100 gms","","tinnker","product","0","0","0","Sun Aug 30 2015 07:54:00 GMT-0700 (PDT)","Sun Aug 30 2015 07:54:00 GMT-0700 (PDT)","0"
"55f2c7f09370b34c17432be8","","Mouri","","20/100 gms","","tinnker","product","0","0","0","Sun Aug 30 2015 07:54:00 GMT-0700 (PDT)","Sun Aug 30 2015 07:54:00 GMT-0700 (PDT)","0"
"55f2c7f09370b34c17432be7","","Radhoni","","32/100 gms","","tinnker","product","0","0","0","Sun Aug 30 2015 07:54:00 GMT-0700 (PDT)","Sun Aug 30 2015 07:54:00 GMT-0700 (PDT)","0"
"55f2c7f09370b34c17432be6","","Kala Jeera","","28/100 gms ","","tinnker","product","0","0","0","Sun Aug 30 2015 07:54:00 GMT-0700 (PDT)","Sun Aug 30 2015 07:54:00 GMT-0700 (PDT)","0"
"55f2c7f09370b34c17432be5","","Gota Dhania","","24/100 gms","","tinnker","product","0","0","0","Sun Aug 30 2015 07:54:00 GMT-0700 (PDT)","Sun Aug 30 2015 07:54:00 GMT-0700 (PDT)","0"
"55f2c7f09370b34c17432be4","","Masala","","10/100 gms","","tinnker","product","0","0","0","Sun Aug 30 2015 07:54:00 GMT-0700 (PDT)","Sun Aug 30 2015 07:54:00 GMT-0700 (PDT)","0"
"55f2c7f09370b34c17432be3","","Sunrise Mustard Powder","","12/100 gms","","tinnker","product","0","0","0","Sun Aug 30 2015 07:54:00 GMT-0700 (PDT)","Sun Aug 30 2015 07:54:00 GMT-0700 (PDT)","0"
"55f2c7f09370b34c17432be2","","Haldi Pwder ","","18/100 gms","","tinnker","product","0","0","0","Sun Aug 30 2015 07:54:00 GMT-0700 (PDT)","Sun Aug 30 2015 07:54:00 GMT-0700 (PDT)","0"
"55f2c7f09370b34c17432be1","","Jeera Powder","","16/100 gms","","tinnker","product","0","0","0","Sun Aug 30 2015 07:54:00 GMT-0700 (PDT)","Sun Aug 30 2015 07:54:00 GMT-0700 (PDT)","0"
"55f2c7f09370b34c17432be0","","Dhania Powder ","","20/100 gms","","tinnker","product","0","0","0","Sun Aug 30 2015 07:54:00 GMT-0700 (PDT)","Sun Aug 30 2015 07:54:00 GMT-0700 (PDT)","0"
"55f2c7f09370b34c17432bdf","","Lanka Powder","","20/100 gms","","tinnker","product","0","0","0","Sun Aug 30 2015 07:54:00 GMT-0700 (PDT)","Sun Aug 30 2015 07:54:00 GMT-0700 (PDT)","0"
"55f2c7f09370b34c17432bde","","Shahi Garam Masala powder","","32/100 gms","","tinnker","product","0","0","0","Sun Aug 30 2015 07:54:00 GMT-0700 (PDT)","Sun Aug 30 2015 07:54:00 GMT-0700 (PDT)","0"
"55f2c7f09370b34c17432bdd","","Arahar Dal","","76/kg","","tinnker","product","0","0","0","Sun Aug 30 2015 07:54:00 GMT-0700 (PDT)","Sun Aug 30 2015 07:54:00 GMT-0700 (PDT)","0"
"55f2c7ef9370b34c17432bdc","","S.Moong Dal","","108/kg","","tinnker","product","0","0","0","Sun Aug 30 2015 07:54:00 GMT-0700 (PDT)","Sun Aug 30 2015 07:54:00 GMT-0700 (PDT)","0"
"55f2c7ef9370b34c17432bdb","","Matar Dal","","150/kg","","tinnker","product","0","0","0","Sun Aug 30 2015 07:54:00 GMT-0700 (PDT)","Sun Aug 30 2015 07:54:00 GMT-0700 (PDT)","0"
"55f2c7ef9370b34c17432bda","","Urad Dal","","76/kg","","tinnker","product","0","0","0","Sun Aug 30 2015 07:54:00 GMT-0700 (PDT)","Sun Aug 30 2015 07:54:00 GMT-0700 (PDT)","0"

